nama,jenis,nominal
nanang,"Zakat Fitrah",30000
annisa,"Zakat Fitrah",30000
nanang,"Zakat Fitrah",30000
annisa,"Zakat Fitrah",30000
nanang,"Zakat Fitrah",30000
annisa,"Zakat Fitrah",30000
nanang,"Zakat Fitrah",30000
annisa,"Zakat Fitrah",30000
annisa,"Zakat Fitrah",30000
annisa,"Zakat Fitrah",30000
annisa,"Zakat Fitrah",30000
annisa,"Zakat Fitrah",30000
annisa,"Zakat Fitrah",30000
annisa,"Zakat Fitrah",30000
annisa,"Zakat Fitrah",30000
nanang,"Zakat Fitrah",30000
annisa,"Zakat Fitrah",30000
nanang,"Zakat Fitrah",30000
annisa,"Zakat Fitrah",30000
nanang,"Zakat Fitrah",30000
annisa,"Zakat Fitrah",30000
nanang,"Zakat Fitrah",30000
annisa,"Zakat Fitrah",30000
nanang,"Zakat Fitrah",30000
annisa,"Zakat Fitrah",30000
nanang,"Zakat Fitrah",30000
annisa,"Zakat Fitrah",30000
nanang,"Zakat Fitrah",30000
annisa,"Zakat Fitrah",30000
nanang,"Zakat Fitrah",30000
annisa,"Zakat Fitrah",30000
nanang,"Zakat Fitrah",30000
annisa,"Zakat Fitrah",30000
nanang,"Zakat Fitrah",30000
annisa,"Zakat Fitrah",30000
nanang,"Zakat Fitrah",30000
annisa,"Zakat Fitrah",30000
nanang,"Zakat Fitrah",30000
annisa,"Zakat Fitrah",30000
nanang,"Zakat Fitrah",30000
annisa,"Zakat Fitrah",30000
nanang,"Zakat Fitrah",30000
annisa,"Zakat Fitrah",30000
nanang,"Zakat Fitrah",30000
annisa,"Zakat Fitrah",30000
nanang,"Zakat Fitrah",30000
annisa,"Zakat Fitrah",30000
nanang,"Zakat Fitrah",30000
annisa,"Zakat Fitrah",30000
nanang,"Zakat Fitrah",30000
annisa,"Zakat Fitrah",30000
nanang,"Zakat Fitrah",30000
annisa,"Zakat Fitrah",30000
nanang,"Zakat Fitrah",30000
annisa,"Zakat Fitrah",30000
nanang,"Zakat Fitrah",30000
annisa,"Zakat Fitrah",30000
nanang,"Zakat Fitrah",30000
annisa,"Zakat Fitrah",30000
nanang,"Zakat Fitrah",30000
annisa,"Zakat Fitrah",30000
nanang,"Zakat Fitrah",30000
annisa,"Zakat Fitrah",30000
nanang,"Zakat Fitrah",30000
annisa,"Zakat Fitrah",30000
nanang,"Zakat Fitrah",30000
annisa,"Zakat Fitrah",30000
nanang,"Zakat Fitrah",30000
annisa,"Zakat Fitrah",30000
nanang,"Zakat Fitrah",30000
annisa,"Zakat Fitrah",30000
nanang,"Zakat Fitrah",30000
annisa,"Zakat Fitrah",30000
nanang,"Zakat Fitrah",30000
annisa,"Zakat Fitrah",30000
nanang,"Zakat Fitrah",30000
annisa,"Zakat Fitrah",30000
nanang,"Zakat Fitrah",30000
annisa,"Zakat Fitrah",30000
nanang,"Zakat Fitrah",30000
annisa,"Zakat Fitrah",30000
nanang,"Zakat Fitrah",30000
annisa,"Zakat Fitrah",30000
nanang,"Zakat Fitrah",30000
annisa,"Zakat Fitrah",30000
"annisa riyani","Zakat Fitrah",30000
"nanang saiful huda","Zakat Fitrah",30000
satu,"Zakat Fitrah",30000
nanang,"Zakat Fitrah",30000
satu,"Zakat Fitrah",30000
nanang,"Zakat Fitrah",30000
"nanang saiful huda","Zakat Fitrah",30000
"annisa riyani","Zakat Fitrah",30000
"annisa riyani",Fifdah,750000
"nanang saiful huda","Zakat Fitrah",30000
"annisa riyani","Zakat Fitrah",30000
"annisa riyani",Fifdah,750000
"nanang saiful huda","Zakat Fitrah",30000
"annisa riyani","Zakat Fitrah",30000
"annisa riyani",Fifdah,750000
"nanang saiful huda","Zakat Fitrah",30000
"annisa riyani","Zakat Fitrah",30000
"annisa riyani",Fifdah,750000
"fulan bin fulan","Zakat Fitrah",30000
"fulanah bin fulan","Zakat Fitrah",30000
"fulanah bin fulan","Zakat Mal",20000000
"fulan bin fulan","Zakat Fitrah",30000
"fulanah bin fulan","Zakat Fitrah",30000
"fulanah bin fulan","Zakat Mal",20000000
"fulan bin fulan","Zakat Fitrah",30000
"fulanah bin fulan","Zakat Fitrah",30000
"fulanah bin fulan","Zakat Mal",20000000
"fulan bin fulan","Zakat Fitrah",30000
"fulanah bin fulan","Zakat Fitrah",30000
"fulanah bin fulan","Zakat Mal",20000000
"fulanah bin fulan","Zakat Fitrah",30000
"fulan bin fulan","Zakat Fitrah",30000
"fulan bin fulan","Zakat Mal",2000000
"fulanah bin fulan","Zakat Fitrah",30000
"fulan bin fulan","Zakat Fitrah",30000
"fulan bin fulan","Zakat Mal",2000000
"fulanah bin fulan","Zakat Fitrah",30000
"fulan bin fulan","Zakat Fitrah",30000
"fulan bin fulan","Zakat Mal",2000000
"fulanah bin fulan","Zakat Fitrah",30000
"fulan bin fulan","Zakat Fitrah",30000
"fulan bin fulan","Zakat Mal",2000000
"fulanah bin fulan","Zakat Fitrah",30000
"fulan bin fulan","Zakat Fitrah",30000
"fulan bin fulan","Zakat Mal",2000000
nanang,"Zakat Fitrah",30000
annisa,"Zakat Fitrah",30000
annisa,"Zakat Fitrah",30000
annisa,"Zakat Fitrah",30000
annisa,"Zakat Fitrah",30000
annisa,"Zakat Fitrah",30000
annisa,"Zakat Fitrah",30000
asd,"Zakat Fitrah",30000
asd,"Zakat Fitrah",30000
annisa,"Zakat Fitrah",30000
nanang,"Zakat Fitrah",30000
annisa,"Zakat Fitrah",30000
